chr,start,end,color
chr7,100049773,100049774,e
chr11,116788049,116788050,e
chr4,145938634,145938635,e
chr19,37678772,37678773,e
chr12,123973122,123973123,e
chr17,49362115,49362116,e
chr12,48351413,48351414,e
chr19,37719789,37719790,e
chr3,48241099,48241100,e
chr19,37594789,37594790,e
chr7,100082547,100082548,e
chr19,21767627,21767628,e
chr1,42456115,42456116,e
chr7,100015571,100015572,e
chr16,88453316,88453317,e
chr19,37692336,37692337,e
chr11,57667746,57667747,d
chr7,130051450,130051451,e
chr14,75064169,75064170,e
chr20,63831243,63831244,e
chr16,28211919,28211920,d
chr16,69762305,69762306,e
chr2,218859820,218859821,d
chr17,46833057,46833058,c
chr19,37906676,37906677,e
chr17,75856506,75856507,e
chr11,119067698,119067699,d
chr12,95217745,95217746,d
chr10,73995192,73995193,c
chr17,43025122,43025123,d
chr6,30914204,30914205,e
chr17,51260527,51260528,e
chr1,38009257,38009258,e
chr17,75844716,75844717,d
chr3,124730365,124730366,a
chr6,34792014,34792015,e
chr6,96521594,96521595,e
chr16,4846664,4846665,e
chr11,122655674,122655675,e
chr3,49813945,49813946,e
chr16,72094395,72094396,e
chr17,6640927,6640928,e
chr6,35512937,35512938,c
chr1,151540304,151540305,e
chr17,42659304,42659305,d
chr17,48817213,48817214,e
chr22,43187132,43187133,e
chr22,37020182,37020183,e
chr17,58328759,58328760,e
chr15,77083983,77083984,e
chr10,80454165,80454166,d
chr2,28870300,28870301,e
chr17,75897002,75897003,e
chr17,75876370,75876371,e
chr17,59106596,59106597,e
chr9,120929172,120929173,e
chr20,34704289,34704290,e
chr17,29566051,29566052,d
chr17,17972421,17972422,e
chr2,218002994,218002995,d
chr16,75465496,75465497,e
chr12,47963568,47963569,e
chr7,12211240,12211241,e
chr17,43211834,43211835,e
chr7,44582286,44582287,e
chr14,75176630,75176631,e
chr15,83107406,83107407,e
chr11,120325128,120325129,e
chr17,28727934,28727935,d
chr3,156673234,156673235,e
chr22,32801700,32801701,d
chr17,997116,997117,c
chr3,63863902,63863903,e
chr22,29554253,29554254,e
chr19,41353910,41353911,e
chr2,187565759,187565760,b
chr17,58692054,58692055,d
chr1,151791415,151791416,e
chr20,64049835,64049836,e
chr7,35254146,35254147,e
chr6,13328582,13328583,c
chr6,32838779,32838780,e
chr7,100119566,100119567,e
chr1,222589823,222589824,d
chr14,70417060,70417061,e
chr11,9664076,9664077,d
chr22,24181258,24181259,d
chr2,36966471,36966472,e
chr15,73994621,73994622,e
chr10,103918204,103918205,e
chr3,52897595,52897596,e
chr12,56360125,56360126,d
chr7,100177562,100177563,e
chr11,126355639,126355640,e
chr17,29930275,29930276,e
chr19,55488403,55488404,e
chr17,17837001,17837002,e
chr17,45844834,45844835,e
chr3,48328340,48328341,d
chr17,28598634,28598635,e
chr4,76898146,76898147,e
chr1,109397950,109397951,c
chr4,185956651,185956652,d
chr8,81842865,81842866,e
chr6,34757405,34757406,c
chr2,232869013,232869014,e
chr17,48945116,48945117,d
chr17,59209399,59209400,c
chr2,17800241,17800242,e
chr7,151277895,151277896,e
chr15,67065844,67065845,d
chr10,103967200,103967201,c
chr21,34094862,34094863,d
chr3,126101560,126101561,d
chr12,56230048,56230049,e
chr2,26764283,26764284,e
chr4,10054935,10054936,d
chr6,134052635,134052636,d
chr22,23857039,23857040,d
chr6,160121788,160121789,c
chr1,2228694,2228695,e
chr11,65638096,65638097,d
chr11,111602390,111602391,c
chr4,76435099,76435100,e
chr1,201888679,201888680,e
chr2,85418720,85418721,e
chr1,37990920,37990921,c
chr5,56909259,56909260,e
chr11,75562055,75562056,e
chr5,9546074,9546075,d
chr7,80922358,80922359,e
chr2,26346085,26346086,e
chr2,165208261,165208262,a
chr1,41242115,41242116,e
chr10,100347123,100347124,c
chr9,19049353,19049354,e
chr21,43659547,43659548,e
chr6,89412269,89412270,c
chr17,59893045,59893046,b
chr1,26529760,26529761,c
chr17,59964760,59964761,e
chr16,30763117,30763118,e
chr2,85595724,85595725,e
chr20,49936335,49936336,d
chr17,43025240,43025241,e
chr11,66336839,66336840,d
chr1,151710432,151710433,e
chr20,64079987,64079988,d
chr19,11419341,11419342,e
chr3,16514025,16514026,d
chr17,42609674,42609675,e
chr4,56907875,56907876,e
chr14,22917801,22917802,e
chr22,36028424,36028425,e
chr1,205122014,205122015,c
chr12,85836569,85836570,e
chr1,178776681,178776682,e
chr2,17518438,17518439,e
chr7,6374522,6374523,c
chr17,28718428,28718429,e
chr18,54717859,54717860,c
chr6,57222313,57222314,d
chr10,98134623,98134624,e
chr19,45692482,45692483,c
chr7,100218240,100218241,d
chr6,43076267,43076268,d
chr20,49568145,49568146,c
chr15,76993358,76993359,d
chr1,109283185,109283186,e
chr17,42577830,42577831,e
chr15,55743089,55743090,e
chr6,32153959,32153960,e
chr20,35172072,35172073,c
chr17,28711853,28711854,e
chr2,37324807,37324808,a
chr19,46717126,46717127,c
chr2,45651344,45651345,a
chr7,107044648,107044649,d
chr17,68511779,68511780,c
chr20,48827882,48827883,d
chr19,8503111,8503112,e
chr3,135965672,135965673,e
chr20,38805704,38805705,d
chr2,28751639,28751640,d
chr17,58755868,58755869,e
chr17,39667980,39667981,c
chr15,73994672,73994673,c
chr3,129606817,129606818,c
chr20,45912154,45912155,d
chr1,56645300,56645301,d
chr1,15684331,15684332,e
chr17,45490748,45490749,d
chr19,2237703,2237704,e
chr10,94030811,94030812,c
chr2,28457144,28457145,d
chr1,20028178,20028179,b
chr16,71999977,71999978,d
chr17,6556493,6556494,d
chr3,138834937,138834938,b
chr17,7239721,7239722,e
chr6,12716804,12716805,c
chr14,74955783,74955784,a
chr21,43719093,43719094,c
chr11,104164378,104164379,d
chr15,84980439,84980440,a
chr4,119628990,119628991,a
chr12,20369244,20369245,a
chr1,55039547,55039548,a
chr3,136250305,136250306,e
chr12,56334052,56334053,e
chr4,168497065,168497066,d
chr17,2593209,2593210,e
chr2,19358652,19358653,e
chr20,44210790,44210791,e
chr20,64080172,64080173,b
chr6,47781981,47781982,d
chr7,44606571,44606572,e
chr11,120210766,120210767,e
chr10,12195963,12195964,c
chr3,52535053,52535054,e
chr10,103193305,103193306,c
chr17,30115520,30115521,e
chr2,205681989,205681990,d
chr11,9004048,9004049,e
chr16,69726950,69726951,b
chr3,132722441,132722442,c
chr7,44541314,44541315,a
chr16,69754939,69754940,e
chr3,138329885,138329886,e
chr3,48301684,48301685,e
chr17,51165434,51165435,c
chr16,56989484,56989485,e
chr5,173235356,173235357,e
chr3,49429325,49429326,e
chr2,69437627,69437628,e
chr20,45888886,45888887,e
chr14,75127151,75127152,c
chr15,55993745,55993746,c
chr2,37231713,37231714,e
chr8,94895766,94895767,e
chr8,102124906,102124907,e
chr17,43171201,43171202,e
chr2,203014878,203014879,e
chr19,55485003,55485004,e
chr17,42536171,42536172,e
chr12,56222014,56222015,e
chr19,17075780,17075781,c
chr17,18118581,18118582,e
chr17,76711015,76711016,e
chr6,150865548,150865549,e
chr3,49689497,49689498,e
chr6,31739947,31739948,e
chr21,34073223,34073224,c
chr1,151763382,151763383,c
chr17,75905412,75905413,c
chr17,62627590,62627591,e
chr3,138347647,138347648,d
chr22,37019640,37019641,c
chr15,78810486,78810487,d
chr14,75051531,75051532,e
chr10,21497261,21497262,e
chr22,23894003,23894004,b
chr1,222618085,222618086,e
chr10,102461394,102461395,e
chr15,88913410,88913411,b
chr7,116672389,116672390,a
chr17,6651633,6651634,e
chr11,57712322,57712323,e
chr1,37514773,37514774,e
chr19,19320844,19320845,e
chr3,187292021,187292022,c
chr19,8413269,8413270,e
chr17,45894381,45894382,c
chr3,48089271,48089272,d
chr21,29077470,29077471,e
chr19,17719241,17719242,e
chr6,5260938,5260939,c
chr7,139340358,139340359,e
chr6,31586123,31586124,e
chr17,46511510,46511511,e
chr12,57128492,57128493,d
chr8,19901716,19901717,c
chr10,98268249,98268250,c
chr2,100322732,100322733,e
chr1,201946587,201946588,c
chr20,64084358,64084359,e
chr15,58410568,58410569,c
chr10,89414556,89414557,c
chr6,2634602,2634603,e
chr6,28943876,28943877,e
chr21,34157723,34157724,e
chr11,111540279,111540280,e
chr1,183023459,183023460,a
chr3,134651021,134651022,e
chr7,139483711,139483712,e
chr11,75430628,75430629,d
chr19,16324816,16324817,e
chr17,6640756,6640757,e
chr19,4969112,4969113,c
chr11,65595995,65595996,d
chr6,39229449,39229450,d
chr2,232776567,232776568,d
chr21,34364023,34364024,d
chr17,46225388,46225389,e
chr10,30115493,30115494,e
chr5,52787895,52787896,d
chr5,3596053,3596054,e
chr2,226799758,226799759,c
chr6,33746904,33746905,e
chr3,48740352,48740353,c
chr8,94813310,94813311,e
chr3,49803253,49803254,e
chr1,154405192,154405193,a
chr12,56334173,56334174,a
chr15,81159574,81159575,d
chr17,43006724,43006725,e
chr2,202871984,202871985,e
chr21,43659492,43659493,e
chr16,72063223,72063224,d
chr16,72054591,72054592,c
chr11,119084865,119084866,c
chr6,32817047,32817048,e
chr6,31356441,31356442,c
chr14,99645109,99645110,d
chr15,83208017,83208018,c
chr6,31053449,31053450,e
chr9,19103118,19103119,e
chr14,22957160,22957161,e
chr15,88895625,88895626,e
chr12,48328979,48328980,e
chr3,72888072,72888073,e
chr4,155666710,155666711,a
chr22,23961185,23961186,d
chr1,109656080,109656081,d
chr7,24758112,24758113,d
chr6,31666282,31666283,e
chr1,150697143,150697144,d
chr3,52681155,52681156,e
chr2,232697298,232697299,e
chr20,34872859,34872860,e
chr2,85561546,85561547,a
chr2,69387253,69387254,c
chr11,75525902,75525903,e
chr17,10198550,10198551,e
chr15,90868591,90868592,c
chr17,45222222,45222223,c
chr7,139339456,139339457,e
chr19,46746045,46746046,c
chr2,163736011,163736012,e
chr6,96562547,96562548,e
chr1,38005605,38005606,e
chr4,80266598,80266599,d
chr12,95217481,95217482,e
chr15,90883694,90883695,c
chr5,108747821,108747822,c
chr17,39402522,39402523,e
chr5,128659184,128659185,d
chr17,75941055,75941056,e
chr5,138331934,138331935,e
chr22,38656628,38656629,e
chr7,6348980,6348981,e
chr1,222737206,222737207,e
chr2,202635187,202635188,e
chr4,186265944,186265945,a
chr3,138434612,138434613,d
chr6,131063321,131063322,d
chr20,35284984,35284985,e
chr1,44986721,44986722,c
chr14,75002910,75002911,c
chr6,31897683,31897684,c
chr11,65576037,65576038,e
chr17,29929199,29929200,e
chr4,147480916,147480917,a
chr20,35147363,35147364,e
chr6,31972291,31972292,d
chr1,205211565,205211566,c
chr20,17569862,17569863,e
chr17,18087885,18087886,e
chr17,17972812,17972813,e
chr2,26847746,26847747,e
chr4,3463310,3463311,e
chr9,215740,215741,e
chr8,25184722,25184723,d
chr1,37556918,37556919,e
chr16,21159440,21159441,e
chr12,123934983,123934984,e
chr12,123762187,123762188,e
chr19,45792801,45792802,e
chr19,45782551,45782552,c
chr18,4455334,4455335,d
chr17,43483864,43483865,c
chr3,154324496,154324497,e
chr1,26432281,26432282,c
chr4,986894,986895,d
chr11,9265389,9265390,e
chr1,200669968,200669969,e
chr7,44575050,44575051,e
chr22,38507659,38507660,e
chr22,23966900,23966901,e
chr22,23980468,23980469,c
chr6,31730579,31730580,e
chr11,126303751,126303752,c
chr7,6448011,6448012,c
chr9,121567056,121567057,c
chr17,78782296,78782297,d
chr4,186191519,186191520,d
chr14,99684303,99684304,c
chr6,32038264,32038265,c
chr15,74725609,74725610,c
chr2,136118164,136118165,a
chr10,44386492,44386493,c
chr11,107457843,107457844,c
chr12,111034023,111034024,e
chr11,70398488,70398489,d
chr1,150765956,150765957,c
chr1,150808322,150808323,b
chr6,31665390,31665391,c
chr15,74782056,74782057,c
chr17,30824775,30824776,d
chr17,45784279,45784280,b
chr17,29622906,29622907,e
chr12,108731595,108731596,d
chr12,56266857,56266858,e
chr7,107563956,107563957,d
chr12,56316221,56316222,e
chr1,16018874,16018875,d
chr1,11807130,11807131,d
chr14,103523110,103523111,c
chr2,100417655,100417656,e
chr15,78621294,78621295,a
chr15,41230838,41230839,d
chr16,75433484,75433485,e
chr6,31945672,31945673,c
chr16,56961849,56961850,b
chr1,150975003,150975004,e
chr3,134486026,134486027,e
chr17,78903214,78903215,e
chr6,126340173,126340174,e
chr2,26785996,26785997,c
chr1,109250018,109250019,e
chr2,37196487,37196488,e
chr2,37231629,37231630,e
chr16,82626802,82626803,d
chr3,48188401,48188402,c
chr19,29811897,29811898,c
chr19,41310188,41310189,e
chr12,123972830,123972831,e
chr12,389454,389455,e
chr7,106660995,106660996,e
chr1,42463329,42463330,e
chr17,43305396,43305397,e
chr16,30762709,30762710,e
chr1,169460668,169460669,e
chr17,42423516,42423517,d
chr19,10871512,10871513,c
chr2,202912226,202912227,e
chr2,85418431,85418432,e
chr3,48223346,48223347,c
chr10,12349481,12349482,c
chr2,187448459,187448460,a
chr9,27573865,27573866,d
chr4,119304444,119304445,e
chr7,7156933,7156934,e
chr17,6651717,6651718,e
chr15,83011640,83011641,e
chr12,48482502,48482503,e
chr12,121016501,121016502,e
chr19,2034880,2034881,e
chr10,122271305,122271306,e
chr1,54998932,54998933,d
chr17,43125482,43125483,d
chr15,83284713,83284714,e
chr2,202376935,202376936,c
chr4,94757967,94757968,c
chr8,22164735,22164736,c
chr10,58513139,58513140,e
chr16,75268052,75268053,d
chr7,107580057,107580058,e
chr10,28677341,28677342,d
chr6,31652704,31652705,d
chr6,57172422,57172423,e
chr19,41364172,41364173,e
chr17,42458843,42458844,d
chr17,48892764,48892765,e
chr12,89708830,89708831,d
chr3,141876123,141876124,c
chr19,19663692,19663693,e
chr12,48181212,48181213,e
chr10,102869515,102869516,c
chr22,20016807,20016808,e
chr1,150876767,150876768,c
chr17,43398958,43398959,d
chr14,58298384,58298385,d
chr11,120336913,120336914,e
chr11,100738442,100738443,e
chr17,45434420,45434421,d
chr2,143091361,143091362,d
chr22,35648394,35648395,e
chr22,35717871,35717872,e
chr3,49674001,49674002,d
chr7,100101940,100101941,d
chr10,74151062,74151063,e
chr1,150982016,150982017,e
chr17,29589768,29589769,d
chr3,134486715,134486716,e
chr17,28577263,28577264,d
chr17,6435198,6435199,c
chr1,222713209,222713210,e
chr1,230714296,230714297,d
chr10,74151184,74151185,c
chr4,99321400,99321401,a
chr6,47685863,47685864,e
chr6,47656435,47656436,e
chr3,64687999,64688000,d
chr15,78811430,78811431,e
chr4,72569385,72569386,d
chr5,157575774,157575775,d
chr2,9555791,9555792,c
chr20,38748441,38748442,c
chr20,34872145,34872146,e
chr17,75979218,75979219,e
chr2,43838963,43838964,d
chr2,43838864,43838865,d
chr7,151227229,151227230,e
chr17,68955391,68955392,d
chr9,104928236,104928237,a
chr2,69674348,69674349,c
chr15,67254735,67254736,e
